subject,fold,run,trial_index,truth,prediction
1,1,4,0,1,1
1,1,4,1,0,0
1,1,4,2,0,0
1,1,4,3,1,1
1,1,4,4,1,0
1,1,4,5,0,0
1,1,4,6,1,1
1,1,4,7,0,0
1,1,4,8,1,1
1,1,4,9,0,1
1,1,4,10,0,1
1,1,4,11,1,0
1,1,4,12,0,0
1,1,4,13,1,0
1,1,4,14,0,0
1,2,8,15,0,0
1,2,8,16,1,0
1,2,8,17,0,0
1,2,8,18,1,1
1,2,8,19,0,0
1,2,8,20,1,0
1,2,8,21,0,0
1,2,8,22,1,0
1,2,8,23,1,0
1,2,8,24,0,0
1,2,8,25,0,0
1,2,8,26,1,0
1,2,8,27,1,1
1,2,8,28,0,0
1,2,8,29,0,0
1,3,12,30,1,0
1,3,12,31,0,1
1,3,12,32,1,1
1,3,12,33,0,0
1,3,12,34,0,0
1,3,12,35,1,0
1,3,12,36,1,1
1,3,12,37,0,1
1,3,12,38,0,1
1,3,12,39,1,0
1,3,12,40,1,1
1,3,12,41,0,1
1,3,12,42,1,0
1,3,12,43,0,0
1,3,12,44,1,0
2,1,4,0,0,1
2,1,4,1,1,1
2,1,4,2,0,1
2,1,4,3,1,1
2,1,4,4,0,0
2,1,4,5,1,1
2,1,4,6,1,1
2,1,4,7,0,1
2,1,4,8,1,1
2,1,4,9,0,1
2,1,4,10,1,0
2,1,4,11,0,1
2,1,4,12,1,1
2,1,4,13,0,1
2,1,4,14,1,0
2,2,8,15,0,0
2,2,8,16,1,1
2,2,8,17,1,0
2,2,8,18,0,0
2,2,8,19,1,1
2,2,8,20,0,0
2,2,8,21,1,1
2,2,8,22,0,1
2,2,8,23,1,0
2,2,8,24,0,1
2,2,8,25,1,1
2,2,8,26,0,1
2,2,8,27,0,0
2,2,8,28,1,0
2,2,8,29,0,1
2,3,12,30,0,0
2,3,12,31,1,1
2,3,12,32,1,1
2,3,12,33,0,0
2,3,12,34,1,0
2,3,12,35,0,0
2,3,12,36,0,1
2,3,12,37,1,0
2,3,12,38,1,0
2,3,12,39,0,0
2,3,12,40,1,0
2,3,12,41,0,0
2,3,12,42,0,0
2,3,12,43,1,0
2,3,12,44,0,1
3,1,4,0,1,0
3,1,4,1,0,0
3,1,4,2,1,0
3,1,4,3,0,0
3,1,4,4,1,1
3,1,4,5,0,0
3,1,4,6,0,0
3,1,4,7,1,0
3,1,4,8,0,0
3,1,4,9,1,0
3,1,4,10,0,0
3,1,4,11,1,0
3,1,4,12,1,0
3,1,4,13,0,1
3,1,4,14,0,0
3,2,8,15,0,0
3,2,8,16,1,0
3,2,8,17,0,1
3,2,8,18,1,0
3,2,8,19,1,0
3,2,8,20,0,0
3,2,8,21,0,0
3,2,8,22,1,0
3,2,8,23,1,0
3,2,8,24,0,0
3,2,8,25,0,0
3,2,8,26,1,0
3,2,8,27,1,0
3,2,8,28,0,0
3,2,8,29,1,0
3,3,12,30,1,1
3,3,12,31,0,0
3,3,12,32,1,0
3,3,12,33,0,1
3,3,12,34,0,1
3,3,12,35,1,0
3,3,12,36,0,0
3,3,12,37,1,1
3,3,12,38,1,1
3,3,12,39,0,1
3,3,12,40,0,1
3,3,12,41,1,1
3,3,12,42,0,1
3,3,12,43,1,0
3,3,12,44,0,1
4,1,4,0,0,0
4,1,4,1,1,1
4,1,4,2,0,0
4,1,4,3,1,1
4,1,4,4,0,0
4,1,4,5,1,0
4,1,4,6,1,1
4,1,4,7,0,1
4,1,4,8,1,0
4,1,4,9,0,0
4,1,4,10,0,0
4,1,4,11,1,1
4,1,4,12,1,1
4,1,4,13,0,0
4,1,4,14,0,0
4,2,8,15,0,0
4,2,8,16,1,0
4,2,8,17,1,0
4,2,8,18,0,0
4,2,8,19,1,1
4,2,8,20,0,1
4,2,8,21,0,0
4,2,8,22,1,1
4,2,8,23,0,0
4,2,8,24,1,0
4,2,8,25,1,0
4,2,8,26,0,0
4,2,8,27,1,1
4,2,8,28,0,0
4,2,8,29,1,0
4,3,12,30,0,1
4,3,12,31,1,1
4,3,12,32,1,1
4,3,12,33,0,1
4,3,12,34,1,0
4,3,12,35,0,1
4,3,12,36,0,1
4,3,12,37,1,1
4,3,12,38,1,1
4,3,12,39,0,0
4,3,12,40,0,0
4,3,12,41,1,1
4,3,12,42,1,1
4,3,12,43,0,1
4,3,12,44,0,1
5,1,4,0,1,1
5,1,4,1,0,0
5,1,4,2,0,1
5,1,4,3,1,1
5,1,4,4,1,1
5,1,4,5,0,0
5,1,4,6,0,0
5,1,4,7,1,1
5,1,4,8,0,0
5,1,4,9,1,1
5,1,4,10,1,0
5,1,4,11,0,0
5,1,4,12,0,0
5,1,4,13,1,1
5,1,4,14,1,1
5,2,8,15,1,1
5,2,8,16,0,1
5,2,8,17,1,1
5,2,8,18,0,0
5,2,8,19,0,1
5,2,8,20,1,1
5,2,8,21,1,1
5,2,8,22,0,0
5,2,8,23,0,0
5,2,8,24,1,1
5,2,8,25,0,1
5,2,8,26,1,1
5,2,8,27,1,0
5,2,8,28,0,1
5,2,8,29,1,0
5,3,12,30,0,1
5,3,12,31,1,0
5,3,12,32,0,1
5,3,12,33,1,1
5,3,12,34,0,1
5,3,12,35,1,1
5,3,12,36,0,1
5,3,12,37,1,1
5,3,12,38,1,1
5,3,12,39,0,1
5,3,12,40,1,1
5,3,12,41,0,1
5,3,12,42,1,0
5,3,12,43,0,0
5,3,12,44,1,1
6,1,4,0,0,1
6,1,4,1,1,1
6,1,4,2,1,0
6,1,4,3,0,0
6,1,4,4,0,0
6,1,4,5,1,0
6,1,4,6,1,0
6,1,4,7,0,0
6,1,4,8,0,0
6,1,4,9,1,0
6,1,4,10,0,0
6,1,4,11,1,0
6,1,4,12,1,0
6,1,4,13,0,0
6,1,4,14,0,0
6,2,8,15,0,1
6,2,8,16,1,1
6,2,8,17,0,0
6,2,8,18,1,0
6,2,8,19,0,0
6,2,8,20,1,1
6,2,8,21,0,1
6,2,8,22,1,0
6,2,8,23,0,0
6,2,8,24,1,1
6,2,8,25,1,1
6,2,8,26,0,1
6,2,8,27,1,1
6,2,8,28,0,1
6,2,8,29,0,0
6,3,12,30,0,0
6,3,12,31,1,0
6,3,12,32,0,1
6,3,12,33,1,0
6,3,12,34,1,1
6,3,12,35,0,0
6,3,12,36,1,1
6,3,12,37,0,0
6,3,12,38,1,0
6,3,12,39,0,1
6,3,12,40,1,1
6,3,12,41,0,1
6,3,12,42,0,1
6,3,12,43,1,0
6,3,12,44,0,1
7,1,4,0,0,0
7,1,4,1,1,0
7,1,4,2,1,0
7,1,4,3,0,0
7,1,4,4,1,1
7,1,4,5,0,0
7,1,4,6,0,0
7,1,4,7,1,1
7,1,4,8,1,1
7,1,4,9,0,0
7,1,4,10,0,0
7,1,4,11,1,1
7,1,4,12,0,1
7,1,4,13,1,1
7,1,4,14,0,0
7,2,8,15,0,0
7,2,8,16,1,1
7,2,8,17,0,0
7,2,8,18,1,1
7,2,8,19,1,0
7,2,8,20,0,0
7,2,8,21,0,0
7,2,8,22,1,1
7,2,8,23,1,0
7,2,8,24,0,0
7,2,8,25,1,1
7,2,8,26,0,0
7,2,8,27,0,0
7,2,8,28,1,1
7,2,8,29,0,1
7,3,12,30,0,0
7,3,12,31,1,1
7,3,12,32,0,0
7,3,12,33,1,1
7,3,12,34,1,1
7,3,12,35,0,0
7,3,12,36,1,1
7,3,12,37,0,1
7,3,12,38,0,0
7,3,12,39,1,1
7,3,12,40,0,0
7,3,12,41,1,0
7,3,12,42,0,0
7,3,12,43,1,1
7,3,12,44,1,1
8,1,4,0,0,0
8,1,4,1,1,0
8,1,4,2,0,1
8,1,4,3,1,1
8,1,4,4,1,1
8,1,4,5,0,0
8,1,4,6,0,0
8,1,4,7,1,0
8,1,4,8,1,0
8,1,4,9,0,0
8,1,4,10,1,0
8,1,4,11,0,1
8,1,4,12,1,1
8,1,4,13,0,0
8,1,4,14,1,0
8,2,8,15,0,0
8,2,8,16,1,0
8,2,8,17,1,1
8,2,8,18,0,1
8,2,8,19,1,1
8,2,8,20,0,0
8,2,8,21,0,0
8,2,8,22,1,1
8,2,8,23,0,0
8,2,8,24,1,0
8,2,8,25,0,0
8,2,8,26,1,0
8,2,8,27,0,1
8,2,8,28,1,0
8,2,8,29,1,1
8,3,12,30,1,0
8,3,12,31,0,1
8,3,12,32,0,0
8,3,12,33,1,0
8,3,12,34,0,1
8,3,12,35,1,0
8,3,12,36,1,1
8,3,12,37,0,1
8,3,12,38,1,1
8,3,12,39,0,1
8,3,12,40,0,0
8,3,12,41,1,1
8,3,12,42,0,0
8,3,12,43,1,0
8,3,12,44,0,0
9,1,4,0,1,1
9,1,4,1,0,0
9,1,4,2,0,0
9,1,4,3,1,1
9,1,4,4,0,0
9,1,4,5,1,0
9,1,4,6,1,0
9,1,4,7,0,0
9,1,4,8,1,1
9,1,4,9,0,0
9,1,4,10,0,0
9,1,4,11,1,0
9,1,4,12,0,0
9,1,4,13,1,1
9,1,4,14,0,0
9,2,8,15,1,1
9,2,8,16,0,1
9,2,8,17,0,0
9,2,8,18,1,0
9,2,8,19,1,0
9,2,8,20,0,0
9,2,8,21,1,1
9,2,8,22,0,0
9,2,8,23,1,0
9,2,8,24,0,0
9,2,8,25,1,1
9,2,8,26,0,0
9,2,8,27,0,0
9,2,8,28,1,0
9,2,8,29,0,0
9,3,12,30,1,1
9,3,12,31,0,1
9,3,12,32,0,1
9,3,12,33,1,1
9,3,12,34,0,1
9,3,12,35,1,0
9,3,12,36,1,0
9,3,12,37,0,1
9,3,12,38,0,0
9,3,12,39,1,1
9,3,12,40,0,0
9,3,12,41,1,1
9,3,12,42,0,0
9,3,12,43,1,1
9,3,12,44,0,1
10,1,4,0,0,0
10,1,4,1,1,0
10,1,4,2,0,0
10,1,4,3,1,0
10,1,4,4,0,0
10,1,4,5,1,0
10,1,4,6,1,0
10,1,4,7,0,0
10,1,4,8,1,0
10,1,4,9,0,0
10,1,4,10,1,0
10,1,4,11,0,0
10,1,4,12,1,0
10,1,4,13,0,0
10,1,4,14,0,0
10,2,8,15,1,1
10,2,8,16,0,1
10,2,8,17,0,1
10,2,8,18,1,1
10,2,8,19,1,0
10,2,8,20,0,1
10,2,8,21,1,0
10,2,8,22,0,0
10,2,8,23,1,0
10,2,8,24,0,0
10,2,8,25,1,1
10,2,8,26,0,1
10,2,8,27,0,1
10,2,8,28,1,1
10,2,8,29,0,1
10,3,12,30,0,1
10,3,12,31,1,0
10,3,12,32,1,0
10,3,12,33,0,1
10,3,12,34,1,1
10,3,12,35,0,0
10,3,12,36,0,0
10,3,12,37,1,0
10,3,12,38,0,0
10,3,12,39,1,0
10,3,12,40,0,0
10,3,12,41,1,0
10,3,12,42,1,0
10,3,12,43,0,0
10,3,12,44,0,0
