subject,control,trial,truth,prediction
1,before_cue,0,1,1
1,before_cue,1,0,0
1,before_cue,2,0,1
1,before_cue,3,1,0
1,before_cue,4,1,0
1,before_cue,5,0,1
1,before_cue,6,1,1
1,before_cue,7,0,1
1,before_cue,8,1,0
1,before_cue,9,0,1
1,before_cue,10,0,0
1,before_cue,11,1,1
1,before_cue,12,0,0
1,before_cue,13,1,0
1,before_cue,14,0,0
1,before_cue,15,0,1
1,before_cue,16,1,1
1,before_cue,17,0,0
1,before_cue,18,1,1
1,before_cue,19,0,0
1,before_cue,20,1,0
1,before_cue,21,0,1
1,before_cue,22,1,1
1,before_cue,23,1,0
1,before_cue,24,0,0
1,before_cue,25,0,1
1,before_cue,26,1,1
1,before_cue,27,1,0
1,before_cue,28,0,0
1,before_cue,29,0,1
1,before_cue,30,1,0
1,before_cue,31,0,0
1,before_cue,32,1,0
1,before_cue,33,0,0
1,before_cue,34,0,1
1,before_cue,35,1,1
1,before_cue,36,1,0
1,before_cue,37,0,1
1,before_cue,38,0,0
1,before_cue,39,1,0
1,before_cue,40,1,0
1,before_cue,41,0,0
1,before_cue,42,1,1
1,before_cue,43,0,1
1,before_cue,44,1,0
1,motor_channels_only,0,1,1
1,motor_channels_only,1,0,1
1,motor_channels_only,2,0,0
1,motor_channels_only,3,1,0
1,motor_channels_only,4,1,1
1,motor_channels_only,5,0,1
1,motor_channels_only,6,1,1
1,motor_channels_only,7,0,0
1,motor_channels_only,8,1,1
1,motor_channels_only,9,0,0
1,motor_channels_only,10,0,0
1,motor_channels_only,11,1,1
1,motor_channels_only,12,0,0
1,motor_channels_only,13,1,1
1,motor_channels_only,14,0,0
1,motor_channels_only,15,0,0
1,motor_channels_only,16,1,0
1,motor_channels_only,17,0,0
1,motor_channels_only,18,1,0
1,motor_channels_only,19,0,0
1,motor_channels_only,20,1,1
1,motor_channels_only,21,0,0
1,motor_channels_only,22,1,0
1,motor_channels_only,23,1,0
1,motor_channels_only,24,0,0
1,motor_channels_only,25,0,0
1,motor_channels_only,26,1,1
1,motor_channels_only,27,1,0
1,motor_channels_only,28,0,0
1,motor_channels_only,29,0,0
1,motor_channels_only,30,1,1
1,motor_channels_only,31,0,0
1,motor_channels_only,32,1,1
1,motor_channels_only,33,0,0
1,motor_channels_only,34,0,0
1,motor_channels_only,35,1,1
1,motor_channels_only,36,1,0
1,motor_channels_only,37,0,0
1,motor_channels_only,38,0,1
1,motor_channels_only,39,1,1
1,motor_channels_only,40,1,1
1,motor_channels_only,41,0,1
1,motor_channels_only,42,1,1
1,motor_channels_only,43,0,1
1,motor_channels_only,44,1,0
2,before_cue,0,0,0
2,before_cue,1,1,1
2,before_cue,2,0,0
2,before_cue,3,1,1
2,before_cue,4,0,0
2,before_cue,5,1,0
2,before_cue,6,1,0
2,before_cue,7,0,0
2,before_cue,8,1,1
2,before_cue,9,0,1
2,before_cue,10,1,1
2,before_cue,11,0,0
2,before_cue,12,1,1
2,before_cue,13,0,0
2,before_cue,14,1,0
2,before_cue,15,0,0
2,before_cue,16,1,1
2,before_cue,17,1,0
2,before_cue,18,0,0
2,before_cue,19,1,1
2,before_cue,20,0,1
2,before_cue,21,1,0
2,before_cue,22,0,0
2,before_cue,23,1,1
2,before_cue,24,0,0
2,before_cue,25,1,0
2,before_cue,26,0,1
2,before_cue,27,0,1
2,before_cue,28,1,1
2,before_cue,29,0,0
2,before_cue,30,0,1
2,before_cue,31,1,1
2,before_cue,32,1,0
2,before_cue,33,0,0
2,before_cue,34,1,0
2,before_cue,35,0,0
2,before_cue,36,0,1
2,before_cue,37,1,0
2,before_cue,38,1,1
2,before_cue,39,0,0
2,before_cue,40,1,1
2,before_cue,41,0,0
2,before_cue,42,0,1
2,before_cue,43,1,1
2,before_cue,44,0,0
2,motor_channels_only,0,0,0
2,motor_channels_only,1,1,1
2,motor_channels_only,2,0,0
2,motor_channels_only,3,1,0
2,motor_channels_only,4,0,0
2,motor_channels_only,5,1,1
2,motor_channels_only,6,1,1
2,motor_channels_only,7,0,0
2,motor_channels_only,8,1,0
2,motor_channels_only,9,0,0
2,motor_channels_only,10,1,0
2,motor_channels_only,11,0,0
2,motor_channels_only,12,1,1
2,motor_channels_only,13,0,0
2,motor_channels_only,14,1,1
2,motor_channels_only,15,0,0
2,motor_channels_only,16,1,1
2,motor_channels_only,17,1,1
2,motor_channels_only,18,0,0
2,motor_channels_only,19,1,0
2,motor_channels_only,20,0,0
2,motor_channels_only,21,1,1
2,motor_channels_only,22,0,0
2,motor_channels_only,23,1,1
2,motor_channels_only,24,0,0
2,motor_channels_only,25,1,1
2,motor_channels_only,26,0,0
2,motor_channels_only,27,0,0
2,motor_channels_only,28,1,1
2,motor_channels_only,29,0,0
2,motor_channels_only,30,0,0
2,motor_channels_only,31,1,1
2,motor_channels_only,32,1,0
2,motor_channels_only,33,0,0
2,motor_channels_only,34,1,1
2,motor_channels_only,35,0,0
2,motor_channels_only,36,0,0
2,motor_channels_only,37,1,1
2,motor_channels_only,38,1,1
2,motor_channels_only,39,0,0
2,motor_channels_only,40,1,0
2,motor_channels_only,41,0,0
2,motor_channels_only,42,0,0
2,motor_channels_only,43,1,1
2,motor_channels_only,44,0,1
3,before_cue,0,1,1
3,before_cue,1,0,1
3,before_cue,2,1,1
3,before_cue,3,0,1
3,before_cue,4,1,1
3,before_cue,5,0,1
3,before_cue,6,0,1
3,before_cue,7,1,1
3,before_cue,8,0,1
3,before_cue,9,1,1
3,before_cue,10,0,0
3,before_cue,11,1,1
3,before_cue,12,1,1
3,before_cue,13,0,0
3,before_cue,14,0,1
3,before_cue,15,0,0
3,before_cue,16,1,0
3,before_cue,17,0,0
3,before_cue,18,1,1
3,before_cue,19,1,0
3,before_cue,20,0,0
3,before_cue,21,0,0
3,before_cue,22,1,1
3,before_cue,23,1,0
3,before_cue,24,0,0
3,before_cue,25,0,1
3,before_cue,26,1,1
3,before_cue,27,1,0
3,before_cue,28,0,0
3,before_cue,29,1,1
3,before_cue,30,1,0
3,before_cue,31,0,1
3,before_cue,32,1,0
3,before_cue,33,0,0
3,before_cue,34,0,0
3,before_cue,35,1,0
3,before_cue,36,0,0
3,before_cue,37,1,0
3,before_cue,38,1,0
3,before_cue,39,0,0
3,before_cue,40,0,0
3,before_cue,41,1,1
3,before_cue,42,0,0
3,before_cue,43,1,1
3,before_cue,44,0,0
3,motor_channels_only,0,1,0
3,motor_channels_only,1,0,0
3,motor_channels_only,2,1,0
3,motor_channels_only,3,0,0
3,motor_channels_only,4,1,0
3,motor_channels_only,5,0,0
3,motor_channels_only,6,0,0
3,motor_channels_only,7,1,1
3,motor_channels_only,8,0,1
3,motor_channels_only,9,1,1
3,motor_channels_only,10,0,1
3,motor_channels_only,11,1,1
3,motor_channels_only,12,1,1
3,motor_channels_only,13,0,0
3,motor_channels_only,14,0,0
3,motor_channels_only,15,0,0
3,motor_channels_only,16,1,1
3,motor_channels_only,17,0,0
3,motor_channels_only,18,1,1
3,motor_channels_only,19,1,1
3,motor_channels_only,20,0,0
3,motor_channels_only,21,0,1
3,motor_channels_only,22,1,0
3,motor_channels_only,23,1,0
3,motor_channels_only,24,0,0
3,motor_channels_only,25,0,0
3,motor_channels_only,26,1,1
3,motor_channels_only,27,1,1
3,motor_channels_only,28,0,0
3,motor_channels_only,29,1,0
3,motor_channels_only,30,1,0
3,motor_channels_only,31,0,0
3,motor_channels_only,32,1,0
3,motor_channels_only,33,0,0
3,motor_channels_only,34,0,1
3,motor_channels_only,35,1,0
3,motor_channels_only,36,0,0
3,motor_channels_only,37,1,1
3,motor_channels_only,38,1,1
3,motor_channels_only,39,0,1
3,motor_channels_only,40,0,0
3,motor_channels_only,41,1,1
3,motor_channels_only,42,0,1
3,motor_channels_only,43,1,1
3,motor_channels_only,44,0,1
4,before_cue,0,0,0
4,before_cue,1,1,1
4,before_cue,2,0,0
4,before_cue,3,1,1
4,before_cue,4,0,0
4,before_cue,5,1,1
4,before_cue,6,1,0
4,before_cue,7,0,0
4,before_cue,8,1,1
4,before_cue,9,0,0
4,before_cue,10,0,1
4,before_cue,11,1,1
4,before_cue,12,1,0
4,before_cue,13,0,0
4,before_cue,14,0,0
4,before_cue,15,0,1
4,before_cue,16,1,0
4,before_cue,17,1,0
4,before_cue,18,0,0
4,before_cue,19,1,1
4,before_cue,20,0,0
4,before_cue,21,0,0
4,before_cue,22,1,1
4,before_cue,23,0,1
4,before_cue,24,1,1
4,before_cue,25,1,0
4,before_cue,26,0,0
4,before_cue,27,1,0
4,before_cue,28,0,0
4,before_cue,29,1,0
4,before_cue,30,0,1
4,before_cue,31,1,0
4,before_cue,32,1,1
4,before_cue,33,0,0
4,before_cue,34,1,0
4,before_cue,35,0,0
4,before_cue,36,0,1
4,before_cue,37,1,1
4,before_cue,38,1,0
4,before_cue,39,0,0
4,before_cue,40,0,0
4,before_cue,41,1,1
4,before_cue,42,1,0
4,before_cue,43,0,0
4,before_cue,44,0,1
4,motor_channels_only,0,0,0
4,motor_channels_only,1,1,1
4,motor_channels_only,2,0,1
4,motor_channels_only,3,1,1
4,motor_channels_only,4,0,0
4,motor_channels_only,5,1,0
4,motor_channels_only,6,1,1
4,motor_channels_only,7,0,0
4,motor_channels_only,8,1,1
4,motor_channels_only,9,0,1
4,motor_channels_only,10,0,0
4,motor_channels_only,11,1,1
4,motor_channels_only,12,1,1
4,motor_channels_only,13,0,0
4,motor_channels_only,14,0,0
4,motor_channels_only,15,0,0
4,motor_channels_only,16,1,0
4,motor_channels_only,17,1,1
4,motor_channels_only,18,0,0
4,motor_channels_only,19,1,1
4,motor_channels_only,20,0,0
4,motor_channels_only,21,0,0
4,motor_channels_only,22,1,1
4,motor_channels_only,23,0,0
4,motor_channels_only,24,1,0
4,motor_channels_only,25,1,0
4,motor_channels_only,26,0,0
4,motor_channels_only,27,1,0
4,motor_channels_only,28,0,0
4,motor_channels_only,29,1,0
4,motor_channels_only,30,0,0
4,motor_channels_only,31,1,1
4,motor_channels_only,32,1,1
4,motor_channels_only,33,0,1
4,motor_channels_only,34,1,1
4,motor_channels_only,35,0,0
4,motor_channels_only,36,0,0
4,motor_channels_only,37,1,0
4,motor_channels_only,38,1,1
4,motor_channels_only,39,0,0
4,motor_channels_only,40,0,1
4,motor_channels_only,41,1,1
4,motor_channels_only,42,1,1
4,motor_channels_only,43,0,1
4,motor_channels_only,44,0,1
5,before_cue,0,1,1
5,before_cue,1,0,0
5,before_cue,2,0,1
5,before_cue,3,1,1
5,before_cue,4,1,1
5,before_cue,5,0,1
5,before_cue,6,0,1
5,before_cue,7,1,1
5,before_cue,8,0,1
5,before_cue,9,1,1
5,before_cue,10,1,1
5,before_cue,11,0,0
5,before_cue,12,0,1
5,before_cue,13,1,1
5,before_cue,14,1,0
5,before_cue,15,1,1
5,before_cue,16,0,0
5,before_cue,17,1,1
5,before_cue,18,0,0
5,before_cue,19,0,1
5,before_cue,20,1,0
5,before_cue,21,1,1
5,before_cue,22,0,1
5,before_cue,23,0,1
5,before_cue,24,1,1
5,before_cue,25,0,1
5,before_cue,26,1,1
5,before_cue,27,1,1
5,before_cue,28,0,1
5,before_cue,29,1,1
5,before_cue,30,0,1
5,before_cue,31,1,1
5,before_cue,32,0,0
5,before_cue,33,1,0
5,before_cue,34,0,0
5,before_cue,35,1,0
5,before_cue,36,0,0
5,before_cue,37,1,0
5,before_cue,38,1,0
5,before_cue,39,0,0
5,before_cue,40,1,1
5,before_cue,41,0,0
5,before_cue,42,1,1
5,before_cue,43,0,0
5,before_cue,44,1,1
5,motor_channels_only,0,1,1
5,motor_channels_only,1,0,1
5,motor_channels_only,2,0,0
5,motor_channels_only,3,1,1
5,motor_channels_only,4,1,1
5,motor_channels_only,5,0,1
5,motor_channels_only,6,0,1
5,motor_channels_only,7,1,1
5,motor_channels_only,8,0,1
5,motor_channels_only,9,1,1
5,motor_channels_only,10,1,1
5,motor_channels_only,11,0,1
5,motor_channels_only,12,0,0
5,motor_channels_only,13,1,1
5,motor_channels_only,14,1,1
5,motor_channels_only,15,1,1
5,motor_channels_only,16,0,1
5,motor_channels_only,17,1,1
5,motor_channels_only,18,0,1
5,motor_channels_only,19,0,0
5,motor_channels_only,20,1,0
5,motor_channels_only,21,1,1
5,motor_channels_only,22,0,1
5,motor_channels_only,23,0,0
5,motor_channels_only,24,1,1
5,motor_channels_only,25,0,0
5,motor_channels_only,26,1,1
5,motor_channels_only,27,1,0
5,motor_channels_only,28,0,0
5,motor_channels_only,29,1,1
5,motor_channels_only,30,0,0
5,motor_channels_only,31,1,1
5,motor_channels_only,32,0,1
5,motor_channels_only,33,1,1
5,motor_channels_only,34,0,0
5,motor_channels_only,35,1,1
5,motor_channels_only,36,0,1
5,motor_channels_only,37,1,0
5,motor_channels_only,38,1,0
5,motor_channels_only,39,0,0
5,motor_channels_only,40,1,1
5,motor_channels_only,41,0,0
5,motor_channels_only,42,1,0
5,motor_channels_only,43,0,0
5,motor_channels_only,44,1,0
6,before_cue,0,0,0
6,before_cue,1,1,1
6,before_cue,2,1,1
6,before_cue,3,0,1
6,before_cue,4,0,1
6,before_cue,5,1,0
6,before_cue,6,1,0
6,before_cue,7,0,0
6,before_cue,8,0,1
6,before_cue,9,1,0
6,before_cue,10,0,1
6,before_cue,11,1,1
6,before_cue,12,1,0
6,before_cue,13,0,1
6,before_cue,14,0,0
6,before_cue,15,0,1
6,before_cue,16,1,0
6,before_cue,17,0,0
6,before_cue,18,1,0
6,before_cue,19,0,0
6,before_cue,20,1,1
6,before_cue,21,0,0
6,before_cue,22,1,1
6,before_cue,23,0,0
6,before_cue,24,1,1
6,before_cue,25,1,1
6,before_cue,26,0,1
6,before_cue,27,1,1
6,before_cue,28,0,0
6,before_cue,29,0,1
6,before_cue,30,0,1
6,before_cue,31,1,0
6,before_cue,32,0,0
6,before_cue,33,1,0
6,before_cue,34,1,0
6,before_cue,35,0,1
6,before_cue,36,1,0
6,before_cue,37,0,0
6,before_cue,38,1,0
6,before_cue,39,0,0
6,before_cue,40,1,0
6,before_cue,41,0,0
6,before_cue,42,0,0
6,before_cue,43,1,1
6,before_cue,44,0,0
6,motor_channels_only,0,0,1
6,motor_channels_only,1,1,1
6,motor_channels_only,2,1,0
6,motor_channels_only,3,0,0
6,motor_channels_only,4,0,1
6,motor_channels_only,5,1,1
6,motor_channels_only,6,1,0
6,motor_channels_only,7,0,1
6,motor_channels_only,8,0,1
6,motor_channels_only,9,1,1
6,motor_channels_only,10,0,0
6,motor_channels_only,11,1,0
6,motor_channels_only,12,1,1
6,motor_channels_only,13,0,1
6,motor_channels_only,14,0,0
6,motor_channels_only,15,0,0
6,motor_channels_only,16,1,0
6,motor_channels_only,17,0,0
6,motor_channels_only,18,1,0
6,motor_channels_only,19,0,1
6,motor_channels_only,20,1,1
6,motor_channels_only,21,0,0
6,motor_channels_only,22,1,0
6,motor_channels_only,23,0,0
6,motor_channels_only,24,1,1
6,motor_channels_only,25,1,1
6,motor_channels_only,26,0,1
6,motor_channels_only,27,1,0
6,motor_channels_only,28,0,0
6,motor_channels_only,29,0,1
6,motor_channels_only,30,0,0
6,motor_channels_only,31,1,1
6,motor_channels_only,32,0,0
6,motor_channels_only,33,1,0
6,motor_channels_only,34,1,1
6,motor_channels_only,35,0,0
6,motor_channels_only,36,1,1
6,motor_channels_only,37,0,0
6,motor_channels_only,38,1,1
6,motor_channels_only,39,0,1
6,motor_channels_only,40,1,1
6,motor_channels_only,41,0,1
6,motor_channels_only,42,0,0
6,motor_channels_only,43,1,0
6,motor_channels_only,44,0,0
7,before_cue,0,0,0
7,before_cue,1,1,0
7,before_cue,2,1,0
7,before_cue,3,0,0
7,before_cue,4,1,1
7,before_cue,5,0,1
7,before_cue,6,0,1
7,before_cue,7,1,1
7,before_cue,8,1,0
7,before_cue,9,0,0
7,before_cue,10,0,1
7,before_cue,11,1,1
7,before_cue,12,0,0
7,before_cue,13,1,0
7,before_cue,14,0,1
7,before_cue,15,0,0
7,before_cue,16,1,1
7,before_cue,17,0,0
7,before_cue,18,1,0
7,before_cue,19,1,0
7,before_cue,20,0,0
7,before_cue,21,0,0
7,before_cue,22,1,0
7,before_cue,23,1,0
7,before_cue,24,0,0
7,before_cue,25,1,1
7,before_cue,26,0,1
7,before_cue,27,0,1
7,before_cue,28,1,1
7,before_cue,29,0,1
7,before_cue,30,0,0
7,before_cue,31,1,1
7,before_cue,32,0,0
7,before_cue,33,1,0
7,before_cue,34,1,0
7,before_cue,35,0,1
7,before_cue,36,1,1
7,before_cue,37,0,0
7,before_cue,38,0,1
7,before_cue,39,1,1
7,before_cue,40,0,1
7,before_cue,41,1,0
7,before_cue,42,0,0
7,before_cue,43,1,1
7,before_cue,44,1,0
7,motor_channels_only,0,0,0
7,motor_channels_only,1,1,1
7,motor_channels_only,2,1,0
7,motor_channels_only,3,0,1
7,motor_channels_only,4,1,0
7,motor_channels_only,5,0,0
7,motor_channels_only,6,0,0
7,motor_channels_only,7,1,1
7,motor_channels_only,8,1,1
7,motor_channels_only,9,0,0
7,motor_channels_only,10,0,0
7,motor_channels_only,11,1,1
7,motor_channels_only,12,0,1
7,motor_channels_only,13,1,1
7,motor_channels_only,14,0,0
7,motor_channels_only,15,0,0
7,motor_channels_only,16,1,1
7,motor_channels_only,17,0,1
7,motor_channels_only,18,1,1
7,motor_channels_only,19,1,0
7,motor_channels_only,20,0,0
7,motor_channels_only,21,0,1
7,motor_channels_only,22,1,1
7,motor_channels_only,23,1,1
7,motor_channels_only,24,0,0
7,motor_channels_only,25,1,0
7,motor_channels_only,26,0,0
7,motor_channels_only,27,0,1
7,motor_channels_only,28,1,1
7,motor_channels_only,29,0,0
7,motor_channels_only,30,0,0
7,motor_channels_only,31,1,1
7,motor_channels_only,32,0,1
7,motor_channels_only,33,1,1
7,motor_channels_only,34,1,0
7,motor_channels_only,35,0,0
7,motor_channels_only,36,1,1
7,motor_channels_only,37,0,0
7,motor_channels_only,38,0,0
7,motor_channels_only,39,1,0
7,motor_channels_only,40,0,0
7,motor_channels_only,41,1,1
7,motor_channels_only,42,0,0
7,motor_channels_only,43,1,1
7,motor_channels_only,44,1,1
8,before_cue,0,0,1
8,before_cue,1,1,1
8,before_cue,2,0,1
8,before_cue,3,1,1
8,before_cue,4,1,0
8,before_cue,5,0,0
8,before_cue,6,0,0
8,before_cue,7,1,1
8,before_cue,8,1,0
8,before_cue,9,0,0
8,before_cue,10,1,0
8,before_cue,11,0,0
8,before_cue,12,1,1
8,before_cue,13,0,1
8,before_cue,14,1,1
8,before_cue,15,0,1
8,before_cue,16,1,0
8,before_cue,17,1,0
8,before_cue,18,0,0
8,before_cue,19,1,0
8,before_cue,20,0,0
8,before_cue,21,0,1
8,before_cue,22,1,1
8,before_cue,23,0,0
8,before_cue,24,1,0
8,before_cue,25,0,0
8,before_cue,26,1,1
8,before_cue,27,0,0
8,before_cue,28,1,1
8,before_cue,29,1,1
8,before_cue,30,1,1
8,before_cue,31,0,0
8,before_cue,32,0,1
8,before_cue,33,1,0
8,before_cue,34,0,0
8,before_cue,35,1,0
8,before_cue,36,1,1
8,before_cue,37,0,0
8,before_cue,38,1,1
8,before_cue,39,0,0
8,before_cue,40,0,1
8,before_cue,41,1,1
8,before_cue,42,0,0
8,before_cue,43,1,1
8,before_cue,44,0,0
8,motor_channels_only,0,0,1
8,motor_channels_only,1,1,1
8,motor_channels_only,2,0,1
8,motor_channels_only,3,1,1
8,motor_channels_only,4,1,1
8,motor_channels_only,5,0,1
8,motor_channels_only,6,0,0
8,motor_channels_only,7,1,1
8,motor_channels_only,8,1,1
8,motor_channels_only,9,0,1
8,motor_channels_only,10,1,1
8,motor_channels_only,11,0,0
8,motor_channels_only,12,1,1
8,motor_channels_only,13,0,0
8,motor_channels_only,14,1,1
8,motor_channels_only,15,0,0
8,motor_channels_only,16,1,0
8,motor_channels_only,17,1,0
8,motor_channels_only,18,0,0
8,motor_channels_only,19,1,0
8,motor_channels_only,20,0,1
8,motor_channels_only,21,0,0
8,motor_channels_only,22,1,0
8,motor_channels_only,23,0,0
8,motor_channels_only,24,1,1
8,motor_channels_only,25,0,0
8,motor_channels_only,26,1,1
8,motor_channels_only,27,0,1
8,motor_channels_only,28,1,1
8,motor_channels_only,29,1,1
8,motor_channels_only,30,1,1
8,motor_channels_only,31,0,1
8,motor_channels_only,32,0,1
8,motor_channels_only,33,1,1
8,motor_channels_only,34,0,1
8,motor_channels_only,35,1,1
8,motor_channels_only,36,1,1
8,motor_channels_only,37,0,1
8,motor_channels_only,38,1,1
8,motor_channels_only,39,0,0
8,motor_channels_only,40,0,0
8,motor_channels_only,41,1,1
8,motor_channels_only,42,0,1
8,motor_channels_only,43,1,1
8,motor_channels_only,44,0,0
9,before_cue,0,1,1
9,before_cue,1,0,1
9,before_cue,2,0,1
9,before_cue,3,1,1
9,before_cue,4,0,1
9,before_cue,5,1,1
9,before_cue,6,1,0
9,before_cue,7,0,1
9,before_cue,8,1,1
9,before_cue,9,0,0
9,before_cue,10,0,0
9,before_cue,11,1,0
9,before_cue,12,0,1
9,before_cue,13,1,1
9,before_cue,14,0,0
9,before_cue,15,1,1
9,before_cue,16,0,1
9,before_cue,17,0,0
9,before_cue,18,1,1
9,before_cue,19,1,0
9,before_cue,20,0,1
9,before_cue,21,1,0
9,before_cue,22,0,0
9,before_cue,23,1,1
9,before_cue,24,0,0
9,before_cue,25,1,0
9,before_cue,26,0,0
9,before_cue,27,0,1
9,before_cue,28,1,1
9,before_cue,29,0,1
9,before_cue,30,1,0
9,before_cue,31,0,0
9,before_cue,32,0,1
9,before_cue,33,1,1
9,before_cue,34,0,0
9,before_cue,35,1,0
9,before_cue,36,1,0
9,before_cue,37,0,0
9,before_cue,38,0,1
9,before_cue,39,1,0
9,before_cue,40,0,0
9,before_cue,41,1,0
9,before_cue,42,0,0
9,before_cue,43,1,1
9,before_cue,44,0,0
9,motor_channels_only,0,1,0
9,motor_channels_only,1,0,0
9,motor_channels_only,2,0,0
9,motor_channels_only,3,1,1
9,motor_channels_only,4,0,0
9,motor_channels_only,5,1,1
9,motor_channels_only,6,1,1
9,motor_channels_only,7,0,0
9,motor_channels_only,8,1,1
9,motor_channels_only,9,0,1
9,motor_channels_only,10,0,0
9,motor_channels_only,11,1,1
9,motor_channels_only,12,0,0
9,motor_channels_only,13,1,1
9,motor_channels_only,14,0,0
9,motor_channels_only,15,1,1
9,motor_channels_only,16,0,0
9,motor_channels_only,17,0,0
9,motor_channels_only,18,1,1
9,motor_channels_only,19,1,0
9,motor_channels_only,20,0,0
9,motor_channels_only,21,1,1
9,motor_channels_only,22,0,0
9,motor_channels_only,23,1,1
9,motor_channels_only,24,0,0
9,motor_channels_only,25,1,1
9,motor_channels_only,26,0,0
9,motor_channels_only,27,0,0
9,motor_channels_only,28,1,0
9,motor_channels_only,29,0,0
9,motor_channels_only,30,1,1
9,motor_channels_only,31,0,0
9,motor_channels_only,32,0,0
9,motor_channels_only,33,1,1
9,motor_channels_only,34,0,1
9,motor_channels_only,35,1,1
9,motor_channels_only,36,1,1
9,motor_channels_only,37,0,0
9,motor_channels_only,38,0,1
9,motor_channels_only,39,1,1
9,motor_channels_only,40,0,0
9,motor_channels_only,41,1,0
9,motor_channels_only,42,0,0
9,motor_channels_only,43,1,1
9,motor_channels_only,44,0,0
10,before_cue,0,0,1
10,before_cue,1,1,1
10,before_cue,2,0,1
10,before_cue,3,1,0
10,before_cue,4,0,1
10,before_cue,5,1,0
10,before_cue,6,1,0
10,before_cue,7,0,1
10,before_cue,8,1,1
10,before_cue,9,0,0
10,before_cue,10,1,1
10,before_cue,11,0,1
10,before_cue,12,1,0
10,before_cue,13,0,1
10,before_cue,14,0,1
10,before_cue,15,1,0
10,before_cue,16,0,0
10,before_cue,17,0,1
10,before_cue,18,1,1
10,before_cue,19,1,0
10,before_cue,20,0,0
10,before_cue,21,1,0
10,before_cue,22,0,0
10,before_cue,23,1,0
10,before_cue,24,0,0
10,before_cue,25,1,0
10,before_cue,26,0,0
10,before_cue,27,0,0
10,before_cue,28,1,0
10,before_cue,29,0,0
10,before_cue,30,0,1
10,before_cue,31,1,1
10,before_cue,32,1,0
10,before_cue,33,0,1
10,before_cue,34,1,0
10,before_cue,35,0,0
10,before_cue,36,0,0
10,before_cue,37,1,0
10,before_cue,38,0,0
10,before_cue,39,1,1
10,before_cue,40,0,0
10,before_cue,41,1,1
10,before_cue,42,1,1
10,before_cue,43,0,1
10,before_cue,44,0,0
10,motor_channels_only,0,0,0
10,motor_channels_only,1,1,0
10,motor_channels_only,2,0,0
10,motor_channels_only,3,1,0
10,motor_channels_only,4,0,0
10,motor_channels_only,5,1,0
10,motor_channels_only,6,1,0
10,motor_channels_only,7,0,0
10,motor_channels_only,8,1,0
10,motor_channels_only,9,0,0
10,motor_channels_only,10,1,0
10,motor_channels_only,11,0,0
10,motor_channels_only,12,1,1
10,motor_channels_only,13,0,0
10,motor_channels_only,14,0,0
10,motor_channels_only,15,1,1
10,motor_channels_only,16,0,0
10,motor_channels_only,17,0,0
10,motor_channels_only,18,1,1
10,motor_channels_only,19,1,0
10,motor_channels_only,20,0,0
10,motor_channels_only,21,1,1
10,motor_channels_only,22,0,0
10,motor_channels_only,23,1,1
10,motor_channels_only,24,0,0
10,motor_channels_only,25,1,1
10,motor_channels_only,26,0,1
10,motor_channels_only,27,0,1
10,motor_channels_only,28,1,1
10,motor_channels_only,29,0,1
10,motor_channels_only,30,0,0
10,motor_channels_only,31,1,0
10,motor_channels_only,32,1,0
10,motor_channels_only,33,0,0
10,motor_channels_only,34,1,1
10,motor_channels_only,35,0,1
10,motor_channels_only,36,0,0
10,motor_channels_only,37,1,1
10,motor_channels_only,38,0,0
10,motor_channels_only,39,1,1
10,motor_channels_only,40,0,0
10,motor_channels_only,41,1,0
10,motor_channels_only,42,1,0
10,motor_channels_only,43,0,1
10,motor_channels_only,44,0,0
