subject,run,trial,truth,prediction,probability_right,correct
1,4,0,1,1,0.8356810967947031,True
1,4,1,0,1,0.8769653978823235,False
1,4,2,0,0,0.3342210448006328,True
1,4,3,1,0,0.3786366096555543,False
1,4,4,1,1,0.6541731466658004,True
1,4,5,0,0,0.4452671911467156,True
1,4,6,1,1,0.5795345062291437,True
1,4,7,0,0,0.44120907095310435,True
1,4,8,1,1,0.819083994918263,True
1,4,9,0,1,0.5486068682565464,False
1,4,10,0,0,0.16730098342991498,True
1,4,11,1,1,0.9095916808298865,True
1,4,12,0,0,0.08072190562645876,True
1,4,13,1,1,0.7880712399956206,True
1,4,14,0,0,0.2106938495691122,True
1,8,15,0,0,0.16328768488485193,True
1,8,16,1,1,0.5696550805225954,True
1,8,17,0,0,0.24996614872234899,True
1,8,18,1,1,0.5853938708166654,True
1,8,19,0,0,0.19365226226849708,True
1,8,20,1,0,0.4718754187563609,False
1,8,21,0,0,0.41475853052563627,True
1,8,22,1,0,0.2325685863528591,False
1,8,23,1,1,0.6195792786709722,True
1,8,24,0,0,0.29693020419480576,True
1,8,25,0,0,0.30444259444844346,True
1,8,26,1,1,0.9320753574109093,True
1,8,27,1,0,0.4156831287256836,False
1,8,28,0,0,0.2566635754560514,True
1,8,29,0,0,0.37174112195263126,True
1,12,30,1,1,0.6760655189426119,True
1,12,31,0,0,0.2710482726428491,True
1,12,32,1,1,0.674299612283351,True
1,12,33,0,0,0.4708593514265982,True
1,12,34,0,0,0.4595560618649654,True
1,12,35,1,1,0.8632466392500925,True
1,12,36,1,0,0.4731128464618423,False
1,12,37,0,0,0.2784628299370935,True
1,12,38,0,0,0.467687331139489,True
1,12,39,1,1,0.832839336117082,True
1,12,40,1,1,0.7018974046503449,True
1,12,41,0,0,0.4062702444038815,True
1,12,42,1,1,0.5617132891884011,True
1,12,43,0,0,0.3620549194697226,True
1,12,44,1,0,0.4488841223716064,False
2,4,0,0,0,0.44790371919768895,True
2,4,1,1,1,0.5459485185817997,True
2,4,2,0,0,0.24747402202569838,True
2,4,3,1,1,0.510360079464619,True
2,4,4,0,0,0.41874751940894905,True
2,4,5,1,1,0.8242276990334816,True
2,4,6,1,1,0.5893571932885415,True
2,4,7,0,0,0.2990066020300498,True
2,4,8,1,0,0.4725640327535869,False
2,4,9,0,0,0.17661329748080812,True
2,4,10,1,0,0.3804932292884605,False
2,4,11,0,0,0.28558761502216673,True
2,4,12,1,1,0.8085738184765434,True
2,4,13,0,0,0.21603570192779994,True
2,4,14,1,1,0.5462388564087011,True
2,8,15,0,0,0.1513244637660276,True
2,8,16,1,1,0.7665377889962748,True
2,8,17,1,1,0.8462378550328331,True
2,8,18,0,0,0.32078889810653355,True
2,8,19,1,0,0.4959165766451696,False
2,8,20,0,0,0.49895347753576585,True
2,8,21,1,1,0.6446333688053811,True
2,8,22,0,0,0.13513774911140605,True
2,8,23,1,1,0.9305254350110644,True
2,8,24,0,1,0.6726722060911279,False
2,8,25,1,1,0.9065709080023227,True
2,8,26,0,0,0.014076542254007913,True
2,8,27,0,0,0.20652604895999296,True
2,8,28,1,0,0.48226879578363835,False
2,8,29,0,0,0.25596116104980965,True
2,12,30,0,0,0.30506290124784624,True
2,12,31,1,0,0.4619616642424664,False
2,12,32,1,1,0.6398740719075664,True
2,12,33,0,0,0.4090724070741921,True
2,12,34,1,1,0.7310637439143847,True
2,12,35,0,1,0.647724223796822,False
2,12,36,0,0,0.23244305341885352,True
2,12,37,1,1,0.7800119130014246,True
2,12,38,1,1,0.7902333180709902,True
2,12,39,0,0,0.467699171497824,True
2,12,40,1,1,0.5812686845763188,True
2,12,41,0,1,0.5164404629064541,False
2,12,42,0,0,0.4990367311615843,True
2,12,43,1,1,0.8752728823507134,True
2,12,44,0,1,0.8309602597121464,False
3,4,0,1,1,0.6099599322966243,True
3,4,1,0,0,0.2684830752018398,True
3,4,2,1,1,0.5454035969443379,True
3,4,3,0,0,0.25227052683127793,True
3,4,4,1,1,0.5683158387614075,True
3,4,5,0,0,0.3418185097475739,True
3,4,6,0,0,0.18585557720746584,True
3,4,7,1,1,0.6644231425073965,True
3,4,8,0,0,0.43580221128204827,True
3,4,9,1,1,0.7209360370942511,True
3,4,10,0,1,0.5122055388083009,False
3,4,11,1,1,0.639469330183147,True
3,4,12,1,1,0.7317758845924062,True
3,4,13,0,0,0.4470025854770688,True
3,4,14,0,0,0.1923985525006221,True
3,8,15,0,0,0.4270491691410621,True
3,8,16,1,0,0.4930766831099656,False
3,8,17,0,0,0.12403772147905504,True
3,8,18,1,1,0.6071210590311916,True
3,8,19,1,1,0.7594090092961099,True
3,8,20,0,0,0.2512152484470862,True
3,8,21,0,0,0.24006032784562692,True
3,8,22,1,1,0.5759080477333675,True
3,8,23,1,1,0.6077297968646871,True
3,8,24,0,0,0.3217732336256863,True
3,8,25,0,0,0.22637024848232978,True
3,8,26,1,1,0.616096870022246,True
3,8,27,1,1,0.8179424139936113,True
3,8,28,0,0,0.17908308261591388,True
3,8,29,1,0,0.49138255724876784,False
3,12,30,1,1,0.663004675458831,True
3,12,31,0,0,0.4078023984826824,True
3,12,32,1,1,0.6290005724127721,True
3,12,33,0,0,0.27488949285988407,True
3,12,34,0,1,0.5067107408568536,False
3,12,35,1,0,0.3082320128681563,False
3,12,36,0,0,0.2373721044630585,True
3,12,37,1,1,0.7447399261356628,True
3,12,38,1,1,0.6279463836969609,True
3,12,39,0,0,0.3881520645747808,True
3,12,40,0,0,0.3143618981491594,True
3,12,41,1,1,0.7445700129175102,True
3,12,42,0,1,0.5175904613408615,False
3,12,43,1,1,0.6745943259998898,True
3,12,44,0,0,0.49403262467838555,True
4,4,0,0,0,0.09882697183620683,True
4,4,1,1,1,0.6179350913638806,True
4,4,2,0,1,0.7340484158357649,False
4,4,3,1,0,0.42289652201952704,False
4,4,4,0,0,0.42473473247589505,True
4,4,5,1,1,0.5332322550686946,True
4,4,6,1,1,0.7007918260542199,True
4,4,7,0,0,0.3579536788259383,True
4,4,8,1,1,0.6495656965099345,True
4,4,9,0,1,0.7381001403580778,False
4,4,10,0,0,0.16869707193299338,True
4,4,11,1,1,0.5926514578586639,True
4,4,12,1,1,0.7466177094865075,True
4,4,13,0,0,0.3354314086528089,True
4,4,14,0,0,0.2072015347313674,True
4,8,15,0,0,0.2928568244267096,True
4,8,16,1,0,0.40417205012022195,False
4,8,17,1,1,0.7978860618280449,True
4,8,18,0,0,0.11037070513741017,True
4,8,19,1,1,0.7432326442373981,True
4,8,20,0,0,0.3165225361077897,True
4,8,21,0,0,0.3889034445528937,True
4,8,22,1,1,0.7225669448688777,True
4,8,23,0,0,0.3202117769527526,True
4,8,24,1,0,0.28042776286372545,False
4,8,25,1,1,0.5279404129153111,True
4,8,26,0,0,0.3513896248945161,True
4,8,27,1,0,0.41084420297060215,False
4,8,28,0,0,0.23700588989884006,True
4,8,29,1,1,0.5458869239547456,True
4,12,30,0,0,0.30963737627356475,True
4,12,31,1,1,0.5805238055871897,True
4,12,32,1,1,0.7033391648039657,True
4,12,33,0,0,0.37300347110255044,True
4,12,34,1,1,0.6334301558334161,True
4,12,35,0,0,0.4501353512943367,True
4,12,36,0,1,0.6237153126615594,False
4,12,37,1,1,0.5362145578708403,True
4,12,38,1,1,0.724494847803794,True
4,12,39,0,0,0.42141614459464166,True
4,12,40,0,0,0.4886903623417162,True
4,12,41,1,1,0.8478755334917091,True
4,12,42,1,1,0.74343104642626,True
4,12,43,0,0,0.41612112088336234,True
4,12,44,0,1,0.6502085264540999,False
5,4,0,1,0,0.34599648299146685,False
5,4,1,0,1,0.5771874544809327,False
5,4,2,0,0,0.34868885748170014,True
5,4,3,1,0,0.48115688781001237,False
5,4,4,1,1,0.5359516603429944,True
5,4,5,0,1,0.6173148525085264,False
5,4,6,0,1,0.5886762150853995,False
5,4,7,1,1,0.5979939282514763,True
5,4,8,0,1,0.6144288226979445,False
5,4,9,1,1,0.55455497730713,True
5,4,10,1,1,0.5656838153889525,True
5,4,11,0,1,0.6224067105013642,False
5,4,12,0,0,0.35523719802531595,True
5,4,13,1,1,0.5179934825359331,True
5,4,14,1,0,0.4703366835137045,False
5,8,15,1,1,0.5657174835246707,True
5,8,16,0,1,0.5518008089491545,False
5,8,17,1,1,0.5140901664514583,True
5,8,18,0,1,0.6554560585185442,False
5,8,19,0,0,0.37232853757962353,True
5,8,20,1,0,0.3069326555782762,False
5,8,21,1,1,0.5435451134775285,True
5,8,22,0,1,0.6495309643409913,False
5,8,23,0,0,0.4964581014993067,True
5,8,24,1,1,0.5938342104030521,True
5,8,25,0,0,0.4598209703483804,True
5,8,26,1,1,0.585786463543682,True
5,8,27,1,1,0.5458439861822699,True
5,8,28,0,0,0.49269111352816336,True
5,8,29,1,1,0.5139273326273293,True
5,12,30,0,0,0.3090099908503318,True
5,12,31,1,1,0.7293197545410441,True
5,12,32,0,1,0.509506498258537,False
5,12,33,1,0,0.45686550685836474,False
5,12,34,0,0,0.40281925464914553,True
5,12,35,1,1,0.5089639870554453,True
5,12,36,0,1,0.6513046441796115,False
5,12,37,1,0,0.3269618965601273,False
5,12,38,1,1,0.5209325546826479,True
5,12,39,0,1,0.8912348169334787,False
5,12,40,1,1,0.6087633266298849,True
5,12,41,0,0,0.4215650485776054,True
5,12,42,1,0,0.4527802776247856,False
5,12,43,0,0,0.2962995428888647,True
5,12,44,1,0,0.46467647181646166,False
6,4,0,0,1,0.5104845638415494,False
6,4,1,1,1,0.7333281218784163,True
6,4,2,1,1,0.5620920501315299,True
6,4,3,0,0,0.468232108287437,True
6,4,4,0,0,0.27231827340621195,True
6,4,5,1,0,0.49347768898670474,False
6,4,6,1,0,0.47144911317509686,False
6,4,7,0,1,0.605577876385421,False
6,4,8,0,0,0.38534472851410445,True
6,4,9,1,1,0.6290450264203861,True
6,4,10,0,0,0.380401146785805,True
6,4,11,1,0,0.4445292615697181,False
6,4,12,1,1,0.67395729708819,True
6,4,13,0,1,0.6961987826111365,False
6,4,14,0,0,0.3256111185886668,True
6,8,15,0,0,0.17621460557625324,True
6,8,16,1,0,0.46146182248403605,False
6,8,17,0,0,0.2966121262315263,True
6,8,18,1,0,0.42351841331055395,False
6,8,19,0,1,0.6603723245959028,False
6,8,20,1,1,0.8215053803186705,True
6,8,21,0,0,0.3296102126017143,True
6,8,22,1,0,0.2641075442240978,False
6,8,23,0,0,0.37224339739002404,True
6,8,24,1,1,0.6255315893096149,True
6,8,25,1,1,0.6766677288864422,True
6,8,26,0,1,0.6397913113335445,False
6,8,27,1,0,0.49649103933380906,False
6,8,28,0,0,0.3344209913627195,True
6,8,29,0,0,0.3486088631652507,True
6,12,30,0,0,0.27472864322705165,True
6,12,31,1,1,0.564594238089052,True
6,12,32,0,0,0.3143926400902023,True
6,12,33,1,0,0.4339648674850086,False
6,12,34,1,0,0.44105317685938483,False
6,12,35,0,0,0.26011122437725237,True
6,12,36,1,1,0.6923787360041113,True
6,12,37,0,0,0.41698243859274386,True
6,12,38,1,1,0.7030540943096876,True
6,12,39,0,1,0.5113618313817231,False
6,12,40,1,1,0.7265917642729551,True
6,12,41,0,1,0.5224520329743599,False
6,12,42,0,0,0.1884104738780028,True
6,12,43,1,0,0.3623953920149207,False
6,12,44,0,1,0.5420182112973821,False
7,4,0,0,0,0.429692362728174,True
7,4,1,1,1,0.593745456852723,True
7,4,2,1,0,0.35273292103743087,False
7,4,3,0,0,0.4676247223838912,True
7,4,4,1,0,0.3999559799082204,False
7,4,5,0,0,0.2689674329217209,True
7,4,6,0,0,0.3849736743664131,True
7,4,7,1,1,0.6051394321533802,True
7,4,8,1,1,0.7165214468393677,True
7,4,9,0,0,0.3997434258940865,True
7,4,10,0,0,0.36547010163523047,True
7,4,11,1,1,0.6474665670897561,True
7,4,12,0,1,0.6997415173104401,False
7,4,13,1,1,0.63807564530808,True
7,4,14,0,0,0.33704341968593304,True
7,8,15,0,0,0.22292785482074412,True
7,8,16,1,1,0.5696698484237764,True
7,8,17,0,0,0.4704583144977211,True
7,8,18,1,1,0.5564956998610928,True
7,8,19,1,1,0.55447766360623,True
7,8,20,0,0,0.447647066013163,True
7,8,21,0,0,0.48543985605485485,True
7,8,22,1,1,0.580197460514435,True
7,8,23,1,1,0.7514251383080645,True
7,8,24,0,0,0.46897080677776376,True
7,8,25,1,1,0.6868909173219346,True
7,8,26,0,0,0.41694901537349327,True
7,8,27,0,1,0.5072773404429219,False
7,8,28,1,1,0.661268760861932,True
7,8,29,0,0,0.38060506525243926,True
7,12,30,0,0,0.2939839672384457,True
7,12,31,1,1,0.5466882331066074,True
7,12,32,0,0,0.4670159371901169,True
7,12,33,1,0,0.4867398622612365,False
7,12,34,1,0,0.3374854725665487,False
7,12,35,0,0,0.3081944226862859,True
7,12,36,1,1,0.5722390510727244,True
7,12,37,0,0,0.3200257029863138,True
7,12,38,0,0,0.40814613390656523,True
7,12,39,1,0,0.4428833664954792,False
7,12,40,0,0,0.31521137874767724,True
7,12,41,1,1,0.5560475018233244,True
7,12,42,0,0,0.2903177965821251,True
7,12,43,1,1,0.6015184891503552,True
7,12,44,1,1,0.6454151867689293,True
8,4,0,0,1,0.8645350527923881,False
8,4,1,1,1,0.8481517234749877,True
8,4,2,0,1,0.7898399522946333,False
8,4,3,1,1,0.7898164903205503,True
8,4,4,1,1,0.5292210915453108,True
8,4,5,0,0,0.399982555598332,True
8,4,6,0,0,0.26002187062487353,True
8,4,7,1,0,0.465747409296648,False
8,4,8,1,1,0.6778806779386265,True
8,4,9,0,1,0.7053847117299293,False
8,4,10,1,1,0.6526472376830412,True
8,4,11,0,0,0.3116189361963707,True
8,4,12,1,1,0.6986224750538647,True
8,4,13,0,0,0.3949312173845424,True
8,4,14,1,1,0.7063039592995862,True
8,8,15,0,0,0.43385100866094084,True
8,8,16,1,0,0.3700810932757875,False
8,8,17,1,0,0.19159754858502182,False
8,8,18,0,0,0.49712856915731324,True
8,8,19,1,1,0.6161647975589113,True
8,8,20,0,0,0.3792412057842942,True
8,8,21,0,0,0.12263480168574734,True
8,8,22,1,0,0.409311001215975,False
8,8,23,0,0,0.3960249464641238,True
8,8,24,1,1,0.6137805299249259,True
8,8,25,0,1,0.6578896058541968,False
8,8,26,1,1,0.6092983310019778,True
8,8,27,0,0,0.4575004692661019,True
8,8,28,1,1,0.6698773653543092,True
8,8,29,1,0,0.4642069545095203,False
8,12,30,1,1,0.6368521564521012,True
8,12,31,0,0,0.33644720742926243,True
8,12,32,0,0,0.4334033530124046,True
8,12,33,1,1,0.5624839712332309,True
8,12,34,0,1,0.668155736236802,False
8,12,35,1,1,0.6817146432868928,True
8,12,36,1,1,0.780980760761531,True
8,12,37,0,0,0.4753017463628265,True
8,12,38,1,1,0.544212541698389,True
8,12,39,0,0,0.2502464494708787,True
8,12,40,0,0,0.14672825070346154,True
8,12,41,1,1,0.7069721729925645,True
8,12,42,0,0,0.4454810584444939,True
8,12,43,1,1,0.6892262810896399,True
8,12,44,0,0,0.37884170055665684,True
9,4,0,1,0,0.4716295108154428,False
9,4,1,0,0,0.24918781480020485,True
9,4,2,0,0,0.03185193717728924,True
9,4,3,1,1,0.6498463658417734,True
9,4,4,0,0,0.4165223659861553,True
9,4,5,1,1,0.6088952190296139,True
9,4,6,1,1,0.7408075246918735,True
9,4,7,0,0,0.13300475851453847,True
9,4,8,1,1,0.6934507876847211,True
9,4,9,0,0,0.4902055673176717,True
9,4,10,0,0,0.1847005014966244,True
9,4,11,1,1,0.5307707914518989,True
9,4,12,0,0,0.29260875574416084,True
9,4,13,1,1,0.7819371290653436,True
9,4,14,0,0,0.2936177827055914,True
9,8,15,1,1,0.6665972898345061,True
9,8,16,0,0,0.16097080155203589,True
9,8,17,0,0,0.11948056970008,True
9,8,18,1,0,0.4138588695303832,False
9,8,19,1,0,0.38700283697767207,False
9,8,20,0,0,0.12815316468688726,True
9,8,21,1,1,0.7331298208822252,True
9,8,22,0,0,0.18299965492793793,True
9,8,23,1,1,0.843678887313361,True
9,8,24,0,0,0.16437359038170846,True
9,8,25,1,1,0.8567974149963755,True
9,8,26,0,0,0.29334480402009055,True
9,8,27,0,0,0.26490943567558695,True
9,8,28,1,1,0.6707039209048233,True
9,8,29,0,0,0.1687218629912829,True
9,12,30,1,1,0.7669530749268371,True
9,12,31,0,0,0.1996808099722845,True
9,12,32,0,0,0.34137945659429997,True
9,12,33,1,1,0.983026762003003,True
9,12,34,0,0,0.4678068282990456,True
9,12,35,1,1,0.8362500454464641,True
9,12,36,1,1,0.8303415082397184,True
9,12,37,0,0,0.10206186060316796,True
9,12,38,0,0,0.4262619981587297,True
9,12,39,1,1,0.6525739079538345,True
9,12,40,0,0,0.10406065208780607,True
9,12,41,1,1,0.7046815940277319,True
9,12,42,0,0,0.4732152274233555,True
9,12,43,1,1,0.8066239742971477,True
9,12,44,0,0,0.3681979227503975,True
10,4,0,0,0,0.46055084873820973,True
10,4,1,1,0,0.4106446312857835,False
10,4,2,0,0,0.3644889688721544,True
10,4,3,1,0,0.3758219384680313,False
10,4,4,0,0,0.2605069755011919,True
10,4,5,1,0,0.4000675647001735,False
10,4,6,1,0,0.41038281365850515,False
10,4,7,0,0,0.2985466625463835,True
10,4,8,1,0,0.30186575815071404,False
10,4,9,0,0,0.11404031328327625,True
10,4,10,1,0,0.3039082090583164,False
10,4,11,0,0,0.2004641361668911,True
10,4,12,1,1,0.7036114331962053,True
10,4,13,0,0,0.3227013683760724,True
10,4,14,0,0,0.23633331998418264,True
10,8,15,1,1,0.840832112286521,True
10,8,16,0,0,0.18898309111301578,True
10,8,17,0,0,0.34916927419466753,True
10,8,18,1,1,0.8700206092255611,True
10,8,19,1,0,0.35641391358551433,False
10,8,20,0,0,0.40057988843177034,True
10,8,21,1,1,0.897067384990061,True
10,8,22,0,1,0.5761813709802234,False
10,8,23,1,1,0.6185745229115527,True
10,8,24,0,0,0.3722253302131403,True
10,8,25,1,1,0.6353566601416712,True
10,8,26,0,1,0.7156577615643437,False
10,8,27,0,1,0.5040760584437413,False
10,8,28,1,1,0.7182304810004726,True
10,8,29,0,1,0.6552711548373615,False
10,12,30,0,0,0.26772692896665884,True
10,12,31,1,0,0.3629499154531477,False
10,12,32,1,0,0.25939421896458753,False
10,12,33,0,0,0.15036872516082775,True
10,12,34,1,1,0.8690255687447892,True
10,12,35,0,0,0.39151811859660185,True
10,12,36,0,1,0.5856334566769026,False
10,12,37,1,1,0.7963953008403019,True
10,12,38,0,0,0.10736892823129056,True
10,12,39,1,1,0.9519111392141067,True
10,12,40,0,0,0.13340863589010785,True
10,12,41,1,0,0.3693075323143157,False
10,12,42,1,0,0.23496034036547744,False
10,12,43,0,1,0.7987785570640318,False
10,12,44,0,0,0.23537990478054574,True
